0;5.639622439375966;getVariable(7,k)-getVariable(3,k)-getVariable(5,k)+getVariable(6,k)*getVariable(8,k)/getVariable(1,k)*getVariable(2,k)/getVariable(1,k)-getVariable(8,k)-getVariable(8,k)
1;4.733803999549599;21*Math.pow(10,-2)*getVariable(8,k)*getVariable(6,k)+getVariable(2,k)/getVariable(4,k)/getVariable(8,k)/getVariable(8,k)/getVariable(8,k)
2;4.835196328856359;getVariable(8,k)+getVariable(5,k)-getVariable(2,k)/getVariable(9,k)/getVariable(8,k)+getVariable(8,k)*getVariable(8,k)*getVariable(8,k)-getVariable(2,k)/getVariable(3,k)/getVariable(8,k)/getVariable(8,k)
3;3.9045126143452773;39*Math.pow(10,-2)*getVariable(7,k)-29*Math.pow(10,-2)*getVariable(3,k)/getVariable(8,k)/getVariable(8,k)/getVariable(6,k)*getVariable(7,k)
0;0.16158091481315762;getVariable(2,k)/getVariable(8,k)-getVariable(6,k)-getVariable(6,k)-getVariable(2,k)-getVariable(4,k)/getVariable(1,k)*getVariable(6,k)-getVariable(6,k)/getVariable(7,k)*getVariable(3,k)-getVariable(2,k)/getVariable(4,k)+92*Math.pow(10,-2)*getVariable(1,k)+74*Math.pow(10,+9)/77*Math.pow(10,-4)*74*Math.pow(10,+9)-50*Math.pow(10,-2)+98*Math.pow(10,-8)*95*Math.pow(10,+9)/41*Math.pow(10,-1)/getVariable(7,k)*getVariable(2,k)
1;0.15528067453868544;31*Math.pow(10,+1)*98*Math.pow(10,+5)*60*Math.pow(10,+5)+94*Math.pow(10,+1)+getVariable(4,k)*getVariable(2,k)/getVariable(8,k)/getVariable(4,k)-getVariable(7,k)+95*Math.pow(10,+5)*95*Math.pow(10,-8)/getVariable(1,k)*getVariable(2,k)/getVariable(8,k)/getVariable(8,k)-28*Math.pow(10,-3)*getVariable(1,k)-getVariable(6,k)-getVariable(7,k)-getVariable(6,k)+getVariable(2,k)*33*Math.pow(10,+1)/41*Math.pow(10,-1)+getVariable(7,k)/getVariable(3,k)*getVariable(1,k)/getVariable(3,k)-getVariable(7,k)/getVariable(1,k)/getVariable(9,k)*getVariable(9,k)*getVariable(6,k)-getVariable(3,k)+8*Math.pow(10,+9)-getVariable(6,k)/getVariable(3,k)-getVariable(2,k)/getVariable(1,k)+51*Math.pow(10,-3)*getVariable(6,k)+getVariable(1,k)/getVariable(9,k)+getVariable(7,k)*16*Math.pow(10,-3)+60*Math.pow(10,-1)+getVariable(2,k)/getVariable(6,k)-getVariable(8,k)/getVariable(2,k)/82*Math.pow(10,-3)/getVariable(9,k)+21*Math.pow(10,+1)-getVariable(6,k)/getVariable(3,k)-getVariable(4,k)/getVariable(9,k)-getVariable(8,k)-getVariable(6,k)/getVariable(3,k)-getVariable(8,k)
2;0.15134798821739937;getVariable(2,k)*getVariable(2,k)+getVariable(2,k)-getVariable(4,k)/getVariable(7,k)*4*Math.pow(10,+6)-10*Math.pow(10,+9)/getVariable(7,k)/getVariable(8,k)/getVariable(6,k)+getVariable(2,k)*getVariable(2,k)+getVariable(2,k)-99*Math.pow(10,+5)/getVariable(3,k)-getVariable(2,k)/1*Math.pow(10,+4)*getVariable(2,k)/getVariable(6,k)+getVariable(2,k)-getVariable(5,k)*getVariable(1,k)/getVariable(4,k)*65*Math.pow(10,+2)+getVariable(7,k)*getVariable(8,k)/99*Math.pow(10,+6)+getVariable(2,k)*getVariable(2,k)*getVariable(2,k)/getVariable(5,k)-99*Math.pow(10,+8)/getVariable(7,k)/getVariable(6,k)+getVariable(2,k)*getVariable(2,k)*getVariable(2,k)/getVariable(5,k)+getVariable(2,k)*getVariable(2,k)+getVariable(5,k)/getVariable(9,k)/9*Math.pow(10,+6)+31*Math.pow(10,+6)/getVariable(1,k)+getVariable(2,k)
3;0.14435018668428956;91*Math.pow(10,+8)*97*Math.pow(10,+4)+50*Math.pow(10,-4)/getVariable(6,k)*35*Math.pow(10,+5)-getVariable(7,k)/94*Math.pow(10,+2)-getVariable(7,k)*getVariable(8,k)*98*Math.pow(10,-2)+getVariable(2,k)+getVariable(2,k)+getVariable(5,k)+getVariable(1,k)*getVariable(6,k)/getVariable(2,k)/getVariable(2,k)*getVariable(6,k)*getVariable(8,k)-getVariable(8,k)-getVariable(2,k)/getVariable(8,k)/getVariable(9,k)-getVariable(6,k)+getVariable(8,k)/getVariable(3,k)*getVariable(6,k)*getVariable(6,k)/getVariable(5,k)/60*Math.pow(10,+2)-getVariable(8,k)*getVariable(2,k)/5*Math.pow(10,-1)-99*Math.pow(10,-3)*getVariable(1,k)+51*Math.pow(10,-5)/getVariable(6,k)*getVariable(1,k)/getVariable(5,k)*53*Math.pow(10,+5)-getVariable(8,k)-getVariable(2,k)/getVariable(5,k)/getVariable(5,k)*getVariable(2,k)-getVariable(3,k)/getVariable(9,k)
4;0.14529066997954332;99*Math.pow(10,-4)*getVariable(1,k)-getVariable(7,k)*getVariable(8,k)/getVariable(1,k)/79*Math.pow(10,+6)/11*Math.pow(10,-2)-getVariable(6,k)/getVariable(9,k)-getVariable(9,k)/27*Math.pow(10,+1)*4*Math.pow(10,-1)-getVariable(6,k)+getVariable(7,k)/getVariable(5,k)+getVariable(5,k)*getVariable(1,k)/getVariable(2,k)/getVariable(8,k)-70*Math.pow(10,+9)+getVariable(7,k)/getVariable(5,k)-getVariable(6,k)/getVariable(9,k)-getVariable(7,k)-getVariable(6,k)+getVariable(6,k)*getVariable(6,k)/getVariable(9,k)*getVariable(9,k)/getVariable(2,k)+getVariable(2,k)-14*Math.pow(10,-2)*getVariable(2,k)+getVariable(7,k)/getVariable(3,k)*getVariable(6,k)/getVariable(3,k)*getVariable(8,k)*getVariable(6,k)/getVariable(2,k)/getVariable(2,k)*getVariable(6,k)-getVariable(2,k)/getVariable(3,k)/getVariable(7,k)*getVariable(2,k)
5;0.15415439223190863;32*Math.pow(10,-9)-61*Math.pow(10,-1)-getVariable(2,k)/getVariable(6,k)+getVariable(5,k)-21*Math.pow(10,+9)+getVariable(9,k)-16*Math.pow(10,+3)/getVariable(7,k)*61*Math.pow(10,-4)/getVariable(8,k)-getVariable(5,k)-getVariable(9,k)-73*Math.pow(10,-2)*getVariable(1,k)/getVariable(7,k)-getVariable(8,k)/getVariable(5,k)+getVariable(7,k)/getVariable(2,k)/getVariable(9,k)-getVariable(6,k)/getVariable(3,k)/8*Math.pow(10,+2)/getVariable(7,k)
6;0.14265769796749894;getVariable(6,k)-getVariable(2,k)+getVariable(3,k)*getVariable(8,k)-getVariable(8,k)+getVariable(7,k)+getVariable(7,k)/getVariable(1,k)*getVariable(6,k)-getVariable(8,k)-getVariable(2,k)/getVariable(6,k)*getVariable(3,k)/getVariable(1,k)*getVariable(3,k)+getVariable(2,k)/getVariable(4,k)+getVariable(3,k)-getVariable(6,k)*getVariable(6,k)/getVariable(2,k)/getVariable(2,k)*getVariable(6,k)-getVariable(8,k)*getVariable(8,k)+getVariable(2,k)/getVariable(9,k)+getVariable(2,k)/getVariable(3,k)*getVariable(8,k)+1*Math.pow(10,-3)*getVariable(6,k)/62*Math.pow(10,+2)*getVariable(1,k)/getVariable(3,k)*getVariable(5,k)/getVariable(8,k)-getVariable(5,k)/getVariable(6,k)*getVariable(5,k)/getVariable(8,k)/getVariable(8,k)/getVariable(6,k)/getVariable(6,k)*getVariable(7,k)/getVariable(8,k)*getVariable(7,k)+getVariable(2,k)/getVariable(3,k)-99*Math.pow(10,-5)*getVariable(7,k)*getVariable(6,k)+89*Math.pow(10,+9)-getVariable(9,k)/getVariable(4,k)+getVariable(7,k)*getVariable(8,k)/getVariable(6,k)*getVariable(9,k)/getVariable(4,k)*getVariable(5,k)*getVariable(8,k)/getVariable(4,k)
7;0.15509121585306196;getVariable(5,k)-getVariable(6,k)-getVariable(2,k)/getVariable(4,k)+74*Math.pow(10,-2)*getVariable(2,k)-getVariable(8,k)*getVariable(4,k)+getVariable(4,k)-36*Math.pow(10,-3)+99*Math.pow(10,+2)/getVariable(7,k)-getVariable(2,k)/getVariable(4,k)-22*Math.pow(10,+9)/3*Math.pow(10,+6)+getVariable(8,k)*getVariable(8,k)*getVariable(6,k)/getVariable(3,k)*getVariable(8,k)*getVariable(6,k)/getVariable(2,k)-getVariable(2,k)/7*Math.pow(10,-1)+getVariable(6,k)/getVariable(3,k)-6*Math.pow(10,-3)*getVariable(6,k)-getVariable(8,k)*getVariable(8,k)+getVariable(3,k)/getVariable(6,k)-92*Math.pow(10,-4)-getVariable(8,k)-getVariable(5,k)*getVariable(5,k)/9*Math.pow(10,-4)*85*Math.pow(10,+3)/getVariable(1,k)/getVariable(1,k)*getVariable(8,k)/getVariable(8,k)*getVariable(6,k)
8;0.15964921106668062;getVariable(8,k)*getVariable(4,k)+getVariable(6,k)-getVariable(4,k)+64*Math.pow(10,+3)/getVariable(4,k)*getVariable(7,k)*34*Math.pow(10,-5)+79*Math.pow(10,+9)-getVariable(2,k)/getVariable(8,k)*getVariable(2,k)/12*Math.pow(10,-8)/getVariable(6,k)*31*Math.pow(10,+9)/getVariable(6,k)+getVariable(7,k)-getVariable(1,k)+getVariable(7,k)
9;0.16328027768120545;getVariable(2,k)/getVariable(1,k)-getVariable(8,k)-getVariable(3,k)*getVariable(8,k)-getVariable(7,k)+getVariable(3,k)*getVariable(2,k)/getVariable(7,k)-getVariable(6,k)/getVariable(1,k)/56*Math.pow(10,+8)*70*Math.pow(10,-8)*getVariable(3,k)-getVariable(8,k)*getVariable(8,k)*getVariable(8,k)+getVariable(3,k)+getVariable(4,k)-getVariable(6,k)-getVariable(5,k)*getVariable(5,k)/getVariable(1,k)-getVariable(8,k)*getVariable(9,k)/getVariable(3,k)*getVariable(9,k)/getVariable(3,k)+getVariable(1,k)/getVariable(3,k)/getVariable(3,k)*getVariable(1,k)*getVariable(8,k)
10;0.1458594297101078;77*Math.pow(10,+9)+99*Math.pow(10,+6)/13*Math.pow(10,-5)/getVariable(1,k)/7*Math.pow(10,+6)+getVariable(2,k)*getVariable(9,k)*85*Math.pow(10,-4)*55*Math.pow(10,+1)+getVariable(1,k)*getVariable(1,k)+getVariable(2,k)/getVariable(9,k)*1*Math.pow(10,+4)+getVariable(1,k)*getVariable(1,k)-99*Math.pow(10,+4)/getVariable(7,k)*getVariable(4,k)+getVariable(5,k)-getVariable(7,k)/getVariable(3,k)*getVariable(6,k)*getVariable(6,k)-44*Math.pow(10,+9)*88*Math.pow(10,-9)/getVariable(7,k)*83*Math.pow(10,-3)*getVariable(2,k)*getVariable(2,k)+getVariable(2,k)/getVariable(1,k)*getVariable(2,k)*getVariable(2,k)+71*Math.pow(10,+2)*getVariable(7,k)+getVariable(5,k)-getVariable(6,k)*getVariable(5,k)*getVariable(4,k)-78*Math.pow(10,+5)/getVariable(6,k)*2*Math.pow(10,+1)+getVariable(5,k)+93*Math.pow(10,+2)*getVariable(4,k)-73*Math.pow(10,+2)*getVariable(2,k)/getVariable(8,k)+getVariable(5,k)-getVariable(6,k)*getVariable(7,k)*getVariable(6,k)/getVariable(5,k)-66*Math.pow(10,+4)*getVariable(1,k)/getVariable(7,k)+getVariable(6,k)/getVariable(8,k)*75*Math.pow(10,-3)*getVariable(2,k)*getVariable(2,k)/getVariable(8,k)/getVariable(8,k)-getVariable(6,k)*getVariable(6,k)*getVariable(8,k)*getVariable(8,k)/getVariable(5,k)*getVariable(6,k)-getVariable(6,k)
11;0.15222268136378336;getVariable(2,k)/getVariable(6,k)/60*Math.pow(10,+2)-getVariable(8,k)/getVariable(2,k)*getVariable(7,k)+getVariable(5,k)/getVariable(6,k)/getVariable(8,k)*getVariable(4,k)/getVariable(7,k)*70*Math.pow(10,+1)/getVariable(7,k)-71*Math.pow(10,+9)+getVariable(1,k)/48*Math.pow(10,-1)-getVariable(8,k)+getVariable(8,k)+getVariable(6,k)*84*Math.pow(10,-1)/getVariable(4,k)/getVariable(3,k)
12;0.15506619333128036;25*Math.pow(10,-2)+getVariable(5,k)/getVariable(8,k)-25*Math.pow(10,-3)-getVariable(7,k)+62*Math.pow(10,-2)*getVariable(2,k)*getVariable(4,k)/getVariable(6,k)+99*Math.pow(10,-3)/getVariable(4,k)*getVariable(7,k)*getVariable(7,k)+getVariable(2,k)/getVariable(5,k)+79*Math.pow(10,+6)*78*Math.pow(10,+6)+getVariable(8,k)/getVariable(3,k)*getVariable(6,k)+getVariable(2,k)/getVariable(5,k)
13;0.1609672725934872;44*Math.pow(10,+8)*77*Math.pow(10,+6)+97*Math.pow(10,+9)-41*Math.pow(10,+6)-getVariable(7,k)*getVariable(7,k)*getVariable(8,k)*18*Math.pow(10,-3)*getVariable(4,k)-getVariable(9,k)-getVariable(7,k)*getVariable(7,k)-getVariable(9,k)-getVariable(2,k)*getVariable(2,k)/getVariable(8,k)-getVariable(6,k)*14*Math.pow(10,+3)*getVariable(2,k)/getVariable(2,k)/getVariable(4,k)-getVariable(5,k)*getVariable(4,k)*getVariable(7,k)/getVariable(9,k)-getVariable(9,k)+getVariable(1,k)*getVariable(1,k)+getVariable(1,k)*getVariable(1,k)+getVariable(2,k)/getVariable(8,k)*28*Math.pow(10,+4)*12*Math.pow(10,-2)/getVariable(6,k)
14;0.16644918104495776;38*Math.pow(10,+1)+getVariable(2,k)+getVariable(4,k)*20*Math.pow(10,-2)/48*Math.pow(10,+5)/getVariable(8,k)/getVariable(6,k)-getVariable(6,k)-getVariable(7,k)/66*Math.pow(10,+2)-getVariable(4,k)/71*Math.pow(10,+2)-69*Math.pow(10,+9)*48*Math.pow(10,+4)+getVariable(5,k)+getVariable(2,k)/getVariable(6,k)
15;0.14550237222360984;25*Math.pow(10,+6)*getVariable(8,k)-62*Math.pow(10,+5)*25*Math.pow(10,+2)/getVariable(6,k)-getVariable(6,k)*getVariable(7,k)*getVariable(6,k)/getVariable(3,k)*getVariable(6,k)+getVariable(8,k)*getVariable(7,k)*34*Math.pow(10,+5)/getVariable(1,k)*getVariable(7,k)/getVariable(6,k)/45*Math.pow(10,+2)+99*Math.pow(10,+8)/getVariable(2,k)-99*Math.pow(10,+6)/getVariable(5,k)-getVariable(1,k)/getVariable(1,k)/18*Math.pow(10,+1)*getVariable(4,k)/27*Math.pow(10,+9)/getVariable(7,k)*56*Math.pow(10,-1)+15*Math.pow(10,+9)/getVariable(1,k)/getVariable(9,k)-getVariable(5,k)/getVariable(3,k)*99*Math.pow(10,+3)*getVariable(6,k)+getVariable(9,k)/6*Math.pow(10,+6)+getVariable(7,k)*getVariable(2,k)/61*Math.pow(10,+5)/getVariable(1,k)*getVariable(7,k)-getVariable(2,k)*getVariable(2,k)/getVariable(4,k)*32*Math.pow(10,+3)+99*Math.pow(10,+4)*getVariable(7,k)/getVariable(6,k)+getVariable(6,k)*95*Math.pow(10,+8)/getVariable(9,k)/getVariable(9,k)/getVariable(8,k)*getVariable(5,k)/11*Math.pow(10,-3)+getVariable(1,k)*getVariable(1,k)*getVariable(1,k)+getVariable(2,k)*getVariable(2,k)*getVariable(9,k)*getVariable(2,k)/getVariable(1,k)
16;0.14284902561354562;50*Math.pow(10,+9)*99*Math.pow(10,+5)+42*Math.pow(10,+2)*getVariable(8,k)-17*Math.pow(10,+5)/getVariable(6,k)+getVariable(9,k)/getVariable(1,k)-1*Math.pow(10,-3)+getVariable(7,k)/getVariable(4,k)/81*Math.pow(10,+5)/getVariable(1,k)/48*Math.pow(10,+2)/15*Math.pow(10,+3)-getVariable(9,k)+getVariable(3,k)-getVariable(6,k)-getVariable(2,k)/getVariable(7,k)*getVariable(9,k)+getVariable(3,k)-getVariable(2,k)*2*Math.pow(10,+1)*getVariable(2,k)/getVariable(7,k)+getVariable(7,k)+getVariable(7,k)-79*Math.pow(10,+1)/8*Math.pow(10,+3)/getVariable(7,k)+getVariable(7,k)*getVariable(4,k)+getVariable(1,k)/getVariable(8,k)+getVariable(7,k)+getVariable(2,k)+getVariable(2,k)+getVariable(7,k)-getVariable(8,k)/getVariable(3,k)*getVariable(6,k)*getVariable(6,k)*getVariable(6,k)/getVariable(5,k)-13*Math.pow(10,-1)*getVariable(9,k)-getVariable(5,k)/getVariable(8,k)*getVariable(5,k)+49*Math.pow(10,+5)-getVariable(5,k)/getVariable(8,k)
17;0.16333930248838835;getVariable(2,k)/getVariable(5,k)+getVariable(2,k)*getVariable(4,k)/getVariable(8,k)/getVariable(7,k)*getVariable(8,k)+65*Math.pow(10,+1)/getVariable(8,k)/65*Math.pow(10,+1)-98*Math.pow(10,+9)-getVariable(6,k)-65*Math.pow(10,+2)/9*Math.pow(10,+9)/19*Math.pow(10,-5)*getVariable(3,k)*getVariable(4,k)*52*Math.pow(10,-9)+getVariable(2,k)/getVariable(5,k)*getVariable(8,k)+1*Math.pow(10,+4)*getVariable(1,k)/getVariable(6,k)/getVariable(7,k)
18;0.1521381420583826;getVariable(2,k)/getVariable(6,k)-14*Math.pow(10,-2)*getVariable(8,k)*getVariable(8,k)+84*Math.pow(10,+6)/80*Math.pow(10,+8)+getVariable(6,k)/getVariable(7,k)+getVariable(5,k)/getVariable(6,k)+getVariable(4,k)/getVariable(7,k)/22*Math.pow(10,+1)+getVariable(7,k)-getVariable(2,k)/52*Math.pow(10,-1)-84*Math.pow(10,+3)-getVariable(7,k)+7*Math.pow(10,-4)*getVariable(9,k)/getVariable(8,k)+getVariable(6,k)/getVariable(3,k)/getVariable(3,k)+getVariable(8,k)/getVariable(6,k)
19;0.1442682752035721;22*Math.pow(10,+3)*72*Math.pow(10,+9)-getVariable(8,k)*getVariable(2,k)-1*Math.pow(10,-9)+44*Math.pow(10,+3)/getVariable(7,k)+getVariable(7,k)+getVariable(4,k)/80*Math.pow(10,+2)-getVariable(2,k)/getVariable(5,k)-getVariable(2,k)/getVariable(8,k)*99*Math.pow(10,-1)/getVariable(8,k)/getVariable(5,k)/getVariable(8,k)-92*Math.pow(10,+9)-getVariable(2,k)-getVariable(8,k)-getVariable(6,k)+getVariable(8,k)*getVariable(6,k)*getVariable(8,k)/getVariable(5,k)-getVariable(7,k)/getVariable(1,k)*getVariable(7,k)+getVariable(2,k)/getVariable(6,k)*getVariable(2,k)-getVariable(2,k)/getVariable(5,k)+getVariable(7,k)-getVariable(2,k)/getVariable(9,k)/getVariable(8,k)/getVariable(9,k)*getVariable(4,k)-getVariable(8,k)+getVariable(7,k)-getVariable(5,k)/6*Math.pow(10,+3)/getVariable(1,k)+getVariable(8,k)*getVariable(8,k)*getVariable(6,k)/getVariable(3,k)*43*Math.pow(10,-1)-getVariable(8,k)-getVariable(2,k)/getVariable(5,k)
20;0.14966163510759944;40*Math.pow(10,+9)*8*Math.pow(10,+9)-44*Math.pow(10,+8)/getVariable(6,k)/getVariable(7,k)*getVariable(4,k)+getVariable(8,k)*52*Math.pow(10,+5)-getVariable(2,k)*getVariable(2,k)+getVariable(7,k)*42*Math.pow(10,+1)/getVariable(2,k)*19*Math.pow(10,+3)+88*Math.pow(10,+6)*getVariable(2,k)*10*Math.pow(10,+6)/65*Math.pow(10,+2)/29*Math.pow(10,-8)/getVariable(2,k)*getVariable(4,k)*getVariable(4,k)/getVariable(1,k)
21;0.1516700542653494;11*Math.pow(10,-8)/getVariable(6,k)*46*Math.pow(10,+9)*getVariable(2,k)/getVariable(2,k)/getVariable(8,k)-getVariable(7,k)+21*Math.pow(10,-2)*getVariable(2,k)+67*Math.pow(10,-1)*getVariable(8,k)/42*Math.pow(10,+2)-getVariable(9,k)/2*Math.pow(10,-1)+getVariable(7,k)*getVariable(1,k)*getVariable(7,k)/61*Math.pow(10,-3)-getVariable(6,k)/getVariable(4,k)*getVariable(2,k)/getVariable(1,k)-99*Math.pow(10,-1)/getVariable(1,k)*getVariable(6,k)-getVariable(6,k)/getVariable(9,k)-getVariable(8,k)/47*Math.pow(10,+1)*getVariable(5,k)
22;0.14430209362269908;getVariable(6,k)+getVariable(4,k)+15*Math.pow(10,+5)*85*Math.pow(10,+8)+getVariable(3,k)-getVariable(2,k)/getVariable(8,k)+getVariable(7,k)*getVariable(6,k)/getVariable(1,k)+getVariable(2,k)+99*Math.pow(10,-2)*getVariable(7,k)-getVariable(4,k)*getVariable(2,k)/getVariable(6,k)+getVariable(3,k)-getVariable(3,k)/getVariable(1,k)*getVariable(3,k)/getVariable(7,k)*getVariable(2,k)*getVariable(2,k)/getVariable(7,k)-getVariable(5,k)/getVariable(8,k)*getVariable(7,k)/getVariable(6,k)-42*Math.pow(10,-3)*getVariable(9,k)+getVariable(4,k)-getVariable(6,k)*getVariable(6,k)*getVariable(4,k)*getVariable(8,k)/3*Math.pow(10,-8)*getVariable(6,k)*getVariable(6,k)+getVariable(8,k)*getVariable(9,k)/46*Math.pow(10,-3)*getVariable(3,k)/getVariable(2,k)*getVariable(9,k)*getVariable(3,k)+getVariable(5,k)/getVariable(1,k)*getVariable(2,k)*getVariable(3,k)/getVariable(8,k)/getVariable(1,k)-getVariable(8,k)+getVariable(6,k)/getVariable(9,k)-getVariable(8,k)+getVariable(8,k)*getVariable(6,k)/getVariable(2,k)
23;0.15214671771306343;4*Math.pow(10,-4)+getVariable(2,k)/getVariable(8,k)-getVariable(6,k)-getVariable(3,k)+getVariable(4,k)/getVariable(6,k)*58*Math.pow(10,-5)/91*Math.pow(10,+5)*63*Math.pow(10,+1)*getVariable(3,k)/getVariable(7,k)*getVariable(2,k)/getVariable(7,k)-getVariable(7,k)-getVariable(3,k)+99*Math.pow(10,-3)*getVariable(1,k)-getVariable(3,k)-getVariable(6,k)+getVariable(1,k)-99*Math.pow(10,-1)*getVariable(8,k)-getVariable(4,k)-61*Math.pow(10,+8)/87*Math.pow(10,+8)-getVariable(8,k)+getVariable(5,k)+getVariable(8,k)/getVariable(7,k)/96*Math.pow(10,+5)-getVariable(7,k)/getVariable(9,k)-36*Math.pow(10,-2)/96*Math.pow(10,+4)+getVariable(1,k)/getVariable(4,k)
24;0.14591435320452883;99*Math.pow(10,+1)*getVariable(4,k)*getVariable(7,k)/getVariable(2,k)+getVariable(9,k)*getVariable(9,k)-64*Math.pow(10,+5)/getVariable(6,k)/getVariable(8,k)-getVariable(7,k)*getVariable(6,k)/getVariable(2,k)/getVariable(3,k)*getVariable(5,k)*getVariable(6,k)-getVariable(6,k)*getVariable(6,k)-getVariable(6,k)/6*Math.pow(10,+5)/12*Math.pow(10,-1)+getVariable(7,k)/getVariable(4,k)/4*Math.pow(10,+5)+getVariable(6,k)/getVariable(3,k)*getVariable(3,k)*12*Math.pow(10,+9)/getVariable(1,k)/getVariable(9,k)/getVariable(8,k)/37*Math.pow(10,-4)*getVariable(9,k)-getVariable(6,k)*13*Math.pow(10,+1)-getVariable(9,k)*getVariable(6,k)+getVariable(6,k)*6*Math.pow(10,+2)-getVariable(3,k)+getVariable(4,k)*99*Math.pow(10,+1)+getVariable(3,k)*getVariable(1,k)-getVariable(5,k)/50*Math.pow(10,+1)-getVariable(1,k)/getVariable(8,k)*getVariable(2,k)-getVariable(2,k)*getVariable(2,k)/getVariable(5,k)*getVariable(8,k)-91*Math.pow(10,+4)/getVariable(2,k)/getVariable(5,k)*getVariable(1,k)-getVariable(5,k)/getVariable(8,k)+98*Math.pow(10,-1)*getVariable(1,k)-getVariable(3,k)/24*Math.pow(10,+6)/getVariable(6,k)/getVariable(7,k)*getVariable(3,k)-getVariable(9,k)/getVariable(8,k)/getVariable(8,k)*getVariable(9,k)-98*Math.pow(10,+9)/18*Math.pow(10,+8)-getVariable(5,k)-getVariable(5,k)
25;0.18034521532519654;37*Math.pow(10,+6)-26*Math.pow(10,+9)/8*Math.pow(10,+4)+getVariable(4,k)/getVariable(6,k)/getVariable(8,k)-getVariable(7,k)/getVariable(2,k)
26;0.14337089597037989;68*Math.pow(10,+9)+getVariable(9,k)*getVariable(2,k)-41*Math.pow(10,+9)*getVariable(8,k)/getVariable(2,k)-getVariable(2,k)+getVariable(2,k)*getVariable(2,k)/getVariable(7,k)*90*Math.pow(10,+2)*getVariable(5,k)-getVariable(2,k)*getVariable(6,k)/getVariable(9,k)*getVariable(2,k)*getVariable(2,k)+getVariable(9,k)+getVariable(6,k)*99*Math.pow(10,-6)*getVariable(8,k)*99*Math.pow(10,+8)-getVariable(2,k)*99*Math.pow(10,+2)*getVariable(7,k)+getVariable(4,k)*42*Math.pow(10,+4)-getVariable(2,k)*getVariable(1,k)*getVariable(8,k)*getVariable(2,k)-getVariable(9,k)*getVariable(9,k)*getVariable(9,k)*getVariable(9,k)+getVariable(9,k)*getVariable(2,k)+getVariable(1,k)/3*Math.pow(10,+6)-getVariable(2,k)+51*Math.pow(10,+9)/getVariable(6,k)-getVariable(2,k)*getVariable(2,k)*getVariable(2,k)+99*Math.pow(10,+9)*getVariable(6,k)*getVariable(8,k)/getVariable(7,k)/getVariable(7,k)/getVariable(3,k)*getVariable(1,k)/getVariable(5,k)+getVariable(6,k)*25*Math.pow(10,+4)-getVariable(2,k)*getVariable(2,k)*getVariable(2,k)*getVariable(2,k)/getVariable(4,k)+8*Math.pow(10,+2)/getVariable(6,k)/6*Math.pow(10,+6)*getVariable(1,k)+getVariable(2,k)/getVariable(8,k)*getVariable(2,k)*getVariable(9,k)/getVariable(8,k)-getVariable(1,k)*getVariable(8,k)/23*Math.pow(10,+4)*58*Math.pow(10,+1)+getVariable(8,k)*getVariable(6,k)*getVariable(6,k)*getVariable(6,k)+getVariable(3,k)/getVariable(7,k)/5*Math.pow(10,+9)+getVariable(9,k)*getVariable(6,k)*getVariable(7,k)-77*Math.pow(10,+9)+getVariable(7,k)*getVariable(6,k)*getVariable(7,k)/getVariable(3,k)*getVariable(6,k)
27;0.1492968927467052;99*Math.pow(10,+8)*87*Math.pow(10,+4)+24*Math.pow(10,-2)*getVariable(3,k)*getVariable(8,k)+70*Math.pow(10,-2)*getVariable(2,k)-getVariable(2,k)-getVariable(3,k)/getVariable(7,k)*11*Math.pow(10,+1)*98*Math.pow(10,-2)-getVariable(5,k)+getVariable(2,k)/getVariable(5,k)*getVariable(6,k)/getVariable(5,k)/getVariable(8,k)-getVariable(3,k)/getVariable(6,k)+getVariable(8,k)*getVariable(8,k)-getVariable(2,k)*getVariable(8,k)/getVariable(5,k)+getVariable(5,k)*getVariable(6,k)/getVariable(1,k)-getVariable(4,k)/getVariable(6,k)/getVariable(8,k)*getVariable(2,k)+getVariable(7,k)+getVariable(3,k)-getVariable(9,k)+getVariable(9,k)+getVariable(4,k)-getVariable(3,k)/getVariable(6,k)+getVariable(8,k)+getVariable(6,k)/getVariable(4,k)/getVariable(2,k)*getVariable(4,k)+getVariable(6,k)/getVariable(2,k)+getVariable(8,k)+getVariable(6,k)/getVariable(2,k)+getVariable(8,k)/getVariable(3,k)*getVariable(9,k)+62*Math.pow(10,+3)/getVariable(9,k)/getVariable(4,k)/getVariable(9,k)-getVariable(8,k)
28;0.14581806478367076;74*Math.pow(10,-1)/getVariable(8,k)/30*Math.pow(10,+3)/25*Math.pow(10,+1)-83*Math.pow(10,+9)+getVariable(8,k)*getVariable(6,k)+getVariable(6,k)/getVariable(3,k)*getVariable(6,k)/getVariable(3,k)-getVariable(6,k)-getVariable(9,k)/getVariable(5,k)-getVariable(6,k)-getVariable(1,k)/getVariable(9,k)/getVariable(8,k)*getVariable(1,k)/56*Math.pow(10,-9)*getVariable(2,k)*23*Math.pow(10,+6)-getVariable(7,k)*getVariable(8,k)+getVariable(4,k)-getVariable(8,k)+98*Math.pow(10,+6)/getVariable(1,k)/34*Math.pow(10,-3)*getVariable(2,k)/getVariable(6,k)-getVariable(6,k)*getVariable(7,k)/getVariable(1,k)+getVariable(1,k)+getVariable(3,k)*getVariable(3,k)/getVariable(6,k)-getVariable(5,k)/getVariable(1,k)*getVariable(3,k)*getVariable(8,k)+getVariable(6,k)*getVariable(8,k)/getVariable(3,k)*getVariable(8,k)-getVariable(9,k)/getVariable(5,k)*getVariable(8,k)*getVariable(1,k)/getVariable(5,k)/getVariable(6,k)*getVariable(1,k)-99*Math.pow(10,+3)/getVariable(9,k)/getVariable(9,k)/getVariable(1,k)*getVariable(2,k)/getVariable(1,k)+getVariable(2,k)/getVariable(9,k)-getVariable(2,k)/getVariable(5,k)/getVariable(8,k)-getVariable(8,k)+getVariable(2,k)/getVariable(6,k)/42*Math.pow(10,+1)*getVariable(3,k)
29;0.1441878368692051;43*Math.pow(10,+3)/getVariable(3,k)-38*Math.pow(10,-1)*getVariable(3,k)/getVariable(6,k)*26*Math.pow(10,+4)/getVariable(8,k)/getVariable(6,k)+getVariable(7,k)*getVariable(8,k)*getVariable(7,k)*getVariable(3,k)/getVariable(2,k)-getVariable(1,k)/28*Math.pow(10,+9)/22*Math.pow(10,-5)+getVariable(8,k)*getVariable(5,k)-getVariable(1,k)/6*Math.pow(10,+9)/getVariable(6,k)/getVariable(7,k)/getVariable(7,k)+getVariable(5,k)+getVariable(1,k)*26*Math.pow(10,+2)/getVariable(7,k)+99*Math.pow(10,+1)/getVariable(9,k)*getVariable(5,k)+getVariable(4,k)-getVariable(7,k)/13*Math.pow(10,+3)+getVariable(5,k)-getVariable(6,k)+getVariable(8,k)*getVariable(9,k)*getVariable(7,k)/getVariable(4,k)+getVariable(9,k)*getVariable(8,k)*99*Math.pow(10,-1)-getVariable(8,k)*58*Math.pow(10,-1)*getVariable(2,k)-getVariable(6,k)
34;4.791234016106386;83*Math.pow(10,-5)+getVariable(8,k)*getVariable(8,k)*getVariable(8,k)*getVariable(8,k)-getVariable(2,k)/92*Math.pow(10,-1)*getVariable(3,k)+getVariable(5,k)-getVariable(8,k)
35;5.077170742730096;99*Math.pow(10,-3)+getVariable(9,k)-getVariable(2,k)/getVariable(1,k)*getVariable(2,k)/getVariable(1,k)+getVariable(7,k)/getVariable(1,k)*getVariable(6,k)/36*Math.pow(10,+1)-getVariable(9,k)+getVariable(7,k)/getVariable(3,k)
